{"cameraMode":{"drawMode":0,"name":"Shaded","section":"Shading Mode"},"sceneLighting":true,"audioPlay":false,"sceneViewState":{"showFog":true,"showMaterialUpdate":false,"showSkybox":true,"showFlares":true,"showImageEffects":true,"showParticleSystems":true},"in2DMode":false,"pivot":{"x":2.2351717948913576,"y":4.3224005699157719,"z":2.0348381996154787},"rotation":{"x":-0.4537128210067749,"y":-0.02225162833929062,"z":0.012470031157135964,"w":-0.8910419344902039},"size":2.9568533897399904,"orthographic":false}